first_name,last_name,,mobile_no,veh_registration_no,pincode,utm_source
RIPPON  JAGGI,RIPPON  JAGGI,RIPPON JAGGI,9560429010,9806,444444,Facebook
Narendran S,Narendran S,Narendran S,9677880771,9806,444444,Facebook
sunil_____8,sunil_____8,sunil_____8,8465889118,9806,444444,Facebook
Rajesh Chaudhary,Rajesh Chaudhary,Rajesh Chaudhary,9428311289,9806,444444,Facebook
Adesh Waware,Adesh Waware,Adesh Waware,7218335096,9806,444444,Facebook
Satish Choudhary,Satish Choudhary,Satish Choudhary,7000157022,9806,444444,Facebook
Murugesh Durgada Etagi,Murugesh Durgada Etagi,Murugesh Durgada Etagi,8123564118,9806,444444,Facebook
Vishu Koyande,Vishu Koyande,Vishu Koyande,9892327329,9806,444444,Facebook
Jagrut,Jagrut,Jagrut,6352078507,9806,444444,Facebook
Jaychandra Rathod,Jaychandra Rathod,Jaychandra Rathod,916356673080,9806,444444,Facebook
Singhania Lalit Kumar,Singhania Lalit Kumar,Singhania Lalit Kumar,919301193400,9806,444444,Facebook
Swapneel Raul,Swapneel Raul,Swapneel Raul,918433702611,9806,444444,Facebook
Kalpesh Bhai,Kalpesh Bhai,Kalpesh Bhai,919428306897,9806,444444,Facebook
Lalla Tomar,Lalla Tomar,Lalla Tomar,919624085164,9806,444444,Facebook
MD Sathish Raj,MD Sathish Raj,MD Sathish Raj,919944786288,9806,444444,Facebook
Sachin Kumar Jain,Sachin Kumar Jain,Sachin Kumar Jain,919811296663,9806,444444,Facebook
Yash Choudhary,Yash Choudhary,Yash Choudhary,919999832255,9806,444444,Facebook
Dhaval Vaghela,Dhaval Vaghela,Dhaval Vaghela,919510980557,9806,444444,Facebook
Narendra,Narendra,Narendra,919617263850,9806,444444,Facebook
raj shakya8085,raj shakya8085,raj shakya8085,917879397782,9806,444444,Facebook
Anil Moodlyar,Anil Moodlyar,Anil Moodlyar,917066948726,9806,444444,Facebook
Rajesh Singh,Rajesh Singh,Rajesh Singh,919810952547,9806,444444,Facebook
Anil Choudhary,Anil Choudhary,Anil Choudhary,918209265665,9806,444444,Facebook
ವಿಜಯ್ ಕುಮಾರ್ ಗೌಡ,ವಿಜಯ್ ಕುಮಾರ್ ಗೌಡ,ವಿಜಯ್ ಕುಮಾರ್ ಗೌಡ,919611811606,9806,444444,Facebook
mishra,mishra,mishra,918516898378,9806,444444,Facebook
Prinsh Hansda,Prinsh Hansda,Prinsh Hansda,919801049424,9806,444444,Facebook
Ranjit Kashyap,Ranjit Kashyap,Ranjit Kashyap,919165356095,9806,444444,Facebook
Krunal Vakhari,Krunal Vakhari,Krunal Vakhari,919898216716,9806,444444,Facebook
Ravi Ramavat,Ravi Ramavat,Ravi Ramavat,918700387122,9806,444444,Facebook
Raj Rathod,Raj Rathod,Raj Rathod,919265400536,9806,444444,Facebook
Arun Parmar,Arun Parmar,Arun Parmar,919479873757,9806,444444,Facebook
ANNADURAI RAMASWAMY,ANNADURAI RAMASWAMY,ANNADURAI RAMASWAMY,919739844777,9806,444444,Facebook
Noor Mazid Shaikh,Noor Mazid Shaikh,Noor Mazid Shaikh,919422595105,9806,444444,Facebook
Lakhan,Lakhan,Lakhan,919303189258,9806,444444,Facebook
Imaran Khan,Imaran Khan,Imaran Khan,916355989413,9806,444444,Facebook
Sandeep Pandey,Sandeep Pandey,Sandeep Pandey,919993795159,9806,444444,Facebook
Chetan Navani,Chetan Navani,Chetan Navani,919886063825,9806,444444,Facebook
Himanshu Desai,Himanshu Desai,Himanshu Desai,919978936084,9806,444444,Facebook
Vijay Gautam,Vijay Gautam,Vijay Gautam,917991841632,9806,444444,Facebook
kogila Vamsi,kogila Vamsi,kogila Vamsi,917660966268,9806,444444,Facebook
Rakesh Lodha,Rakesh Lodha,Rakesh Lodha,917976785855,9806,444444,Facebook
M R Kordiya,M R Kordiya,M R Kordiya,919773490456,9806,444444,Facebook
BKamal Gupta,BKamal Gupta,BKamal Gupta,919040015115,9806,444444,Facebook
Chintan Chitroda,Chintan Chitroda,Chintan Chitroda,918291221230,9806,444444,Facebook
Bhavnesh Kumar Jain,Bhavnesh Kumar Jain,Bhavnesh Kumar Jain,919322242152,9806,444444,Facebook
Vinod sahu 7901,Vinod sahu 7901,Vinod sahu 7901,918817629203,9806,444444,Facebook
|| ..عرش ..||,|| ..عرش ..||,|| ..عرش ..||,918128598304,9806,444444,Facebook
Sandeep Jamra,Sandeep Jamra,Sandeep Jamra,919244316482,9806,444444,Facebook
Aaditya,Aaditya,Aaditya,919999224343,9806,444444,Facebook
Annu Kashyap,Annu Kashyap,Annu Kashyap,917977320090,9806,444444,Facebook
Gori Mansuri,Gori Mansuri,Gori Mansuri,918160259512,9806,444444,Facebook
Anand Gupta,Anand Gupta,Anand Gupta,919822032419,9806,444444,Facebook
MEHUL,MEHUL,MEHUL,919904037859,9806,444444,Facebook
Nitesh Mistry,Nitesh Mistry,Nitesh Mistry,919998403823,9806,444444,Facebook
Bharti Sapkal,Bharti Sapkal,Bharti Sapkal,916262353631,9806,444444,Facebook
Jitendra Choudhary,Jitendra Choudhary,Jitendra Choudhary,919131860806,9806,444444,Facebook
Prinshi Gupta,Prinshi Gupta,Prinshi Gupta,917440811683,9806,444444,Facebook
Harmeet Singh,Harmeet Singh,Harmeet Singh,919810271861,9806,444444,Facebook
Shyam Raibole,Shyam Raibole,Shyam Raibole,919029033995,9806,444444,Facebook
Shubham Khanvilkar,Shubham Khanvilkar,Shubham Khanvilkar,919152818602,9806,444444,Facebook
Arpita patidar,Arpita patidar,Arpita patidar,917898935731,9806,444444,Facebook
Vikki Mandloi,Vikki Mandloi,Vikki Mandloi,918305839266,9806,444444,Facebook
Sureshreddy Vazrala,Sureshreddy Vazrala,Sureshreddy Vazrala,919456856789,9806,444444,Facebook
Amit G Junagade,Amit G Junagade,Amit G Junagade,918879900362,9806,444444,Facebook
Thananjayan D,Thananjayan D,Thananjayan D,917200066559,9806,444444,Facebook
Prakash Meenakshisundaram,Prakash Meenakshisundaram,Prakash Meenakshisundaram,918939742530,9806,444444,Facebook
Amber Joshi,Amber Joshi,Amber Joshi,918898811888,9806,444444,Facebook
Tejal Varhadi,Tejal Varhadi,Tejal Varhadi,918422041622,9806,444444,Facebook
mr_solanki_222,mr_solanki_222,mr_solanki_222,916353048554,9806,444444,Facebook
Deepak call 9917512022,Deepak call 9917512022,Deepak call 9917512022,919917512022,9806,444444,Facebook
Arjun Rajawat,Arjun Rajawat,Arjun Rajawat,917745925234,9806,444444,Facebook
Shubham Khanvilkar,Shubham Khanvilkar,Shubham Khanvilkar,919152818602,9806,444444,Facebook
Navin Sharma,Navin Sharma,Navin Sharma,919820644152,9806,444444,Facebook
Rattan Singh,Rattan Singh,Rattan Singh,919992200401,9806,444444,Facebook
Aadhya,Aadhya,Aadhya,919898699707,9806,444444,Facebook
pushpa raj,pushpa raj,pushpa raj,919351865634,9806,444444,Facebook
Adv. Rupesh Sharma,Adv. Rupesh Sharma,Adv. Rupesh Sharma,919811110002,9806,444444,Facebook
Venkatesh Venki,Venkatesh Venki,Venkatesh Venki,919740328242,9806,444444,Facebook
Raj Jambekar,Raj Jambekar,Raj Jambekar,919301209379,9806,444444,Facebook
Rupesh Kumar,Rupesh Kumar,Rupesh Kumar,919350484845,9806,444444,Facebook
SNS MY LOVE,SNS MY LOVE,SNS MY LOVE,916205055685,9806,444444,Facebook
Bharatsinh Gohil,Bharatsinh Gohil,Bharatsinh Gohil,917041596262,9806,444444,Facebook
Surender Naidu,Surender Naidu,Surender Naidu,919844018018,9806,444444,Facebook
Garg,Garg,Garg,919873077777,9806,444444,Facebook
Ravi Jangid,Ravi Jangid,Ravi Jangid,919907824113,9806,444444,Facebook
Sunil Sehrawat,Sunil Sehrawat,Sunil Sehrawat,919999010664,9806,444444,Facebook
sumit,sumit,sumit,918851711391,9806,444444,Facebook
Sanjeev Sharma,Sanjeev Sharma,Sanjeev Sharma,919810047868,9806,444444,Facebook
Anirudhsinh Dodiya,Anirudhsinh Dodiya,Anirudhsinh Dodiya,919737977405,9806,444444,Facebook
Sagar Radadiya ,Sagar Radadiya ,Sagar Radadiya ,919510354354,9806,444444,Facebook
ARVIND KUMAR MEENA,ARVIND KUMAR MEENA,ARVIND KUMAR MEENA,919265614679,9806,444444,Facebook
Rajeev Kumar,Rajeev Kumar,Rajeev Kumar,919875219538,9806,444444,Facebook
Rk,Rk,Rk,919873144817,9806,444444,Facebook
SHAKTHI CERAMICS,SHAKTHI CERAMICS,SHAKTHI CERAMICS,919770595959,9806,444444,Facebook
G. Ajayakumar,G. Ajayakumar,G. Ajayakumar,919995015218,9806,444444,Facebook
Abhay Bhai,Abhay Bhai,Abhay Bhai,919580003978,9806,444444,Facebook
Shailendra Kumar,Shailendra Kumar,Shailendra Kumar,917678508734,9806,444444,Facebook
Umesh Verma,Umesh Verma,Umesh Verma,919410601582,9806,444444,Facebook
Ram.thakor.2141,Ram.thakor.2141,Ram.thakor.2141,917201055931,9806,444444,Facebook
Ritin Patel,Ritin Patel,Ritin Patel,919924698742,9806,444444,Facebook
Jigs Patel,Jigs Patel,Jigs Patel,919879565171,9806,444444,Facebook
Gabesh___baba___302,Gabesh___baba___302,Gabesh___baba___302,919926445661,9806,444444,Facebook
Pravin Jasud,Pravin Jasud,Pravin Jasud,918308472388,9806,444444,Facebook
Divya Kumari,Divya Kumari,Divya Kumari,919694342952,9806,444444,Facebook
jagrut joshi,jagrut joshi,jagrut joshi,919925138990,9806,444444,Facebook
Man Mohan Ojha,Man Mohan Ojha,Man Mohan Ojha,917895039359,9806,444444,Facebook
manjeet Kumar,manjeet Kumar,manjeet Kumar,918601423474,9806,444444,Facebook
Jishan Sheikh,Jishan Sheikh,Jishan Sheikh,919999999999,9806,444444,Facebook
Ganesh Varsha Naresh Sondarkar,Ganesh Varsha Naresh Sondarkar,Ganesh Varsha Naresh Sondarkar,918806082524,9806,444444,Facebook
Vinod Mhaskar,Vinod Mhaskar,Vinod Mhaskar,919967453111,9806,444444,Facebook
GUDDU DEFAULTER,GUDDU DEFAULTER,GUDDU DEFAULTER,919720098845,9806,444444,Facebook
Shubham Rawat,Shubham Rawat,Shubham Rawat,918081902494,9806,444444,Facebook
Rajendra Sharma,Rajendra Sharma,Rajendra Sharma,919968098140,9806,444444,Facebook
Harkishan Patel,Harkishan Patel,Harkishan Patel,919687886751,9806,444444,Facebook
Blood Badger,Blood Badger,Blood Badger,918460697691,9806,444444,Facebook
Pranay Reddy,Pranay Reddy,Pranay Reddy,919611885577,9806,444444,Facebook
Shekar Naidu,Shekar Naidu,Shekar Naidu,919448294556,9806,444444,Facebook
Shaikh Khalid Shaikh,Shaikh Khalid Shaikh,Shaikh Khalid Shaikh,918200995437,9806,444444,Facebook
𓂀 𝕊𝕒𝕔𝕙𝕚𝕟 𓂀,𓂀 𝕊𝕒𝕔𝕙𝕚𝕟 𓂀,𓂀 𝕊𝕒𝕔𝕙𝕚𝕟 𓂀,918155946588,9806,444444,Facebook
damni paraste,damni paraste,damni paraste,919691103012,9806,444444,Facebook
Lalit Vats,Lalit Vats,Lalit Vats,919716846970,9806,444444,Facebook
Uwais Ahmad,Uwais Ahmad,Uwais Ahmad,918287294865,9806,444444,Facebook
Dharmendra Sinha,Dharmendra Sinha,Dharmendra Sinha,919512860355,9806,444444,Facebook
Sanjeev Mishra,Sanjeev Mishra,Sanjeev Mishra,918176909398,9806,444444,Facebook
Jignesh Savaniya,Jignesh Savaniya,Jignesh Savaniya,919913716143,9806,444444,Facebook
P Píñkù Núñíà,P Píñkù Núñíà,P Píñkù Núñíà,919101412881,9806,444444,Facebook
Ashwin Patel,Ashwin Patel,Ashwin Patel,917046037555,9806,444444,Facebook
Mayuresh Keer,Mayuresh Keer,Mayuresh Keer,919867293932,9806,444444,Facebook
Jinkal UPADHYAY,Jinkal UPADHYAY,Jinkal UPADHYAY,919924979063,9806,444444,Facebook
Sridhar Tavva,Sridhar Tavva,Sridhar Tavva,919848110017,9806,444444,Facebook
꧁𝐌!llu꧂,꧁𝐌!llu꧂,꧁𝐌!llu꧂,916353788217,9806,444444,Facebook
Manoj Giri,Manoj Giri,Manoj Giri,919967413792,9806,444444,Facebook
Bharatsinh Gohil,Bharatsinh Gohil,Bharatsinh Gohil,919408207808,9806,444444,Facebook
Salman,Salman,Salman,917838916477,9806,444444,Facebook
<<_🅙🅐🅕🅕🅔🅡._>>°°18,<<_🅙🅐🅕🅕🅔🅡._>>°°18,<<_🅙🅐🅕🅕🅔🅡._>>°°18,919622209319,9806,444444,Facebook
Vipin Pushkarna,Vipin Pushkarna,Vipin Pushkarna,919810630604,9806,444444,Facebook
Himanshu Joshi,Himanshu Joshi,Himanshu Joshi,919993444777,9806,444444,Facebook
N,N,N,,9806,444444,Facebook
Paresh Nai,Paresh Nai,Paresh Nai,919879946880,9806,444444,Facebook
Dhanmoni,Dhanmoni,Dhanmoni,918811945530,9806,444444,Facebook
Mdtabish Shaikh,Mdtabish Shaikh,Mdtabish Shaikh,917021877244,9806,444444,Facebook
Shambhu Ram,Shambhu Ram,Shambhu Ram,918440838212,9806,444444,Facebook
Amit Nehra,Amit Nehra,Amit Nehra,919896044356,9806,444444,Facebook
Basavaraj Gangavati,Basavaraj Gangavati,Basavaraj Gangavati,919902168837,9806,444444,Facebook
Vaibhav Barge,Vaibhav Barge,Vaibhav Barge,919423890677,9806,444444,Facebook
yogesh vaghela,yogesh vaghela,yogesh vaghela,919016397871,9806,444444,Facebook
Sachin Sharma,Sachin Sharma,Sachin Sharma,919555236781,9806,444444,Facebook
ojesh goyal,ojesh goyal,ojesh goyal,917987301842,9806,444444,Facebook
Shekar Naidu,Shekar Naidu,Shekar Naidu,919448294556,9806,444444,Facebook
Navneet Gaur,Navneet Gaur,Navneet Gaur,919506914843,9806,444444,Facebook
Shashank Desai,Shashank Desai,Shashank Desai,919022727230,9806,444444,Facebook
꧁ ......𝘿𝙀𝙀𝙋𝗔𝙆 ... —͟͞͞★,꧁ ......𝘿𝙀𝙀𝙋𝗔𝙆 ... —͟͞͞★,꧁ ......𝘿𝙀𝙀𝙋𝗔𝙆 ... —͟͞͞★,919548532811,9806,444444,Facebook
Ujjwal Saxena,Ujjwal Saxena,Ujjwal Saxena,919927093146,9806,444444,Facebook
Sandeep Ruhal,Sandeep Ruhal,Sandeep Ruhal,919212114855,9806,444444,Facebook
Sumit Bansal,Sumit Bansal,Sumit Bansal,919711253892,9806,444444,Facebook
Jaydeep Uikey Jaydeep Uikey,Jaydeep Uikey Jaydeep Uikey,Jaydeep Uikey Jaydeep Uikey,919202295106,9806,444444,Facebook
Suresh Lakhani,Suresh Lakhani,Suresh Lakhani,919825964668,9806,444444,Facebook
Jeet Vishwkarma,Jeet Vishwkarma,Jeet Vishwkarma,919981757828,9806,444444,Facebook
Sudarsan Jaisarathy,Sudarsan Jaisarathy,Sudarsan Jaisarathy,919566026478,9806,444444,Facebook
Priyanka goswami,Priyanka goswami,Priyanka goswami,918700505197,9806,444444,Facebook
Vijay Thakor,Vijay Thakor,Vijay Thakor,918980067258,9806,444444,Facebook
Yash Rajput,Yash Rajput,Yash Rajput,918285098501,9806,444444,Facebook
ashok agrawal,ashok agrawal,ashok agrawal,919324383296,9806,444444,Facebook
Patel Rajesh,Patel Rajesh,Patel Rajesh,919978320333,9806,444444,Facebook
Ankit AdsSultanpuri,Ankit AdsSultanpuri,Ankit AdsSultanpuri,918287277154,9806,444444,Facebook
PremOsho Power,PremOsho Power,PremOsho Power,919060180996,9806,444444,Facebook
Ravi Raj,Ravi Raj,Ravi Raj,918252307917,9806,444444,Facebook
Kapil,Kapil,Kapil,919574723236,9806,444444,Facebook
꧁•⊹٭𝚂𝚑𝚞𝚋𝚑𝚊𝚖 𝚈𝚊𝚍𝚊𝚟٭⊹•꧂,꧁•⊹٭𝚂𝚑𝚞𝚋𝚑𝚊𝚖 𝚈𝚊𝚍𝚊𝚟٭⊹•꧂,꧁•⊹٭𝚂𝚑𝚞𝚋𝚑𝚊𝚖 𝚈𝚊𝚍𝚊𝚟٭⊹•꧂,917414989535,9806,444444,Facebook
Narendrasinh Parmar,Narendrasinh Parmar,Narendrasinh Parmar,919409392113,9806,444444,Facebook
Viren Bhavsar,Viren Bhavsar,Viren Bhavsar,919879515445,9806,444444,Facebook
Ashish,Ashish,Ashish,919582960986,9806,444444,Facebook
Suraj Jadhav,Suraj Jadhav,Suraj Jadhav,919503838227,9806,444444,Facebook
Panjabi Manoj,Panjabi Manoj,Panjabi Manoj,917600750106,9806,444444,Facebook
its___sahil___01,its___sahil___01,its___sahil___01,917723811313,9806,444444,Facebook
Rajeev Hirennavar,Rajeev Hirennavar,Rajeev Hirennavar,919820016421,9806,444444,Facebook
Pathik_Joshi,Pathik_Joshi,Pathik_Joshi,919409414181,9806,444444,Facebook
narayana swamy s,narayana swamy s,narayana swamy s,919844548801,9806,444444,Facebook
Amishkumar Pravinchandra shah,Amishkumar Pravinchandra shah,Amishkumar Pravinchandra shah,919824918143,9806,444444,Facebook
Vishal Dey,Vishal Dey,Vishal Dey,917004785554,9806,444444,Facebook
sourabh rathore,sourabh rathore,sourabh rathore,919977406001,9806,444444,Facebook
Vikas Rana,Vikas Rana,Vikas Rana,919811632922,9806,444444,Facebook
My.life,My.life,My.life,918595752765,9806,444444,Facebook
Vinu j hadiya,Vinu j hadiya,Vinu j hadiya,919824199241,9806,444444,Facebook
Gondaliya Ashish,Gondaliya Ashish,Gondaliya Ashish,919227705785,9806,444444,Facebook
Dilip Patel,Dilip Patel,Dilip Patel,919825089078,9806,444444,Facebook
Vishanu,Vishanu,Vishanu,919219330425,9806,444444,Facebook
Mohit Sarvaiya,Mohit Sarvaiya,Mohit Sarvaiya,919998606469,9806,444444,Facebook
Prem,Prem,Prem,916355073975,9806,444444,Facebook
Sunil Raver,Sunil Raver,Sunil Raver,917490903204,9806,444444,Facebook
DN,DN,DN,918527448811,9806,444444,Facebook
🆂🅽🅺🅴🆃 🆅🆈🆂 ,🆂🅽🅺🅴🆃 🆅🆈🆂 ,🆂🅽🅺🅴🆃 🆅🆈🆂 ,917383468200,9806,444444,Facebook
D. H Makwana,D. H Makwana,D. H Makwana,919016543145,9806,444444,Facebook
Ajay Khwha,Ajay Khwha,Ajay Khwha,917804959365,9806,444444,Facebook
Vaibhav Sharma,Vaibhav Sharma,Vaibhav Sharma,919990855947,9806,444444,Facebook
समरथ समरथ।भील,समरथ समरथ।भील,समरथ समरथ।भील,917803928459,9806,444444,Facebook
𝖒𝖆𝖐𝖜𝖆𝖓𝖆 𝖙𝖚𝖘𝖍𝖆𝖗,𝖒𝖆𝖐𝖜𝖆𝖓𝖆 𝖙𝖚𝖘𝖍𝖆𝖗,𝖒𝖆𝖐𝖜𝖆𝖓𝖆 𝖙𝖚𝖘𝖍𝖆𝖗,919727847048,9806,444444,Facebook
Pranjali Raote,Pranjali Raote,Pranjali Raote,918097712855,9806,444444,Facebook
Jaffar Hussain,Jaffar Hussain,Jaffar Hussain,9345670070,9806,444444,Facebook
kano,kano,kano,918849644312,9806,444444,Facebook
pratap b iain,pratap b iain,pratap b iain,919558804295,9806,444444,Facebook
sonali vinod khandekar,sonali vinod khandekar,sonali vinod khandekar,919021690314,9806,444444,Facebook
Annadurai,Annadurai,Annadurai,918072328776,9806,444444,Facebook
Arun Sharma,Arun Sharma,Arun Sharma,919811343236,9806,444444,Facebook
Vinod Kshirsagar,Vinod Kshirsagar,Vinod Kshirsagar,917588034094,9806,444444,Facebook
غياث الدين شاہ,غياث الدين شاہ,غياث الدين شاہ,917408388478,9806,444444,Facebook
سمپت ويلپو,سمپت ويلپو,سمپت ويلپو,919703077254,9806,444444,Facebook
Mahendra Nandanwar,Mahendra Nandanwar,Mahendra Nandanwar,9824552287,9806,444444,Facebook
Anil chaurasiya,Anil chaurasiya,Anil chaurasiya,919891631962,9806,444444,Facebook
Patidar Laxminarayan,Patidar Laxminarayan,Patidar Laxminarayan,919981049243,9806,444444,Facebook
Jitender Kumar,Jitender Kumar,Jitender Kumar,919818402339,9806,444444,Facebook
Hitendra Patel,Hitendra Patel,Hitendra Patel,919869156402,9806,444444,Facebook
Vikas Tiwari,Vikas Tiwari,Vikas Tiwari,919999289519,9806,444444,Facebook
Sheikh _adil,Sheikh _adil,Sheikh _adil,919825949863,9806,444444,Facebook
Kunal,Kunal,Kunal,917276818179,9806,444444,Facebook
Essa Karadia,Essa Karadia,Essa Karadia,919820078316,9806,444444,Facebook
Satyam Singh,Satyam Singh,Satyam Singh,919971878337,9806,444444,Facebook
Anand Rathod,Anand Rathod,Anand Rathod,917204106066,9806,444444,Facebook
Jay Desai,Jay Desai,Jay Desai,919726008033,9806,444444,Facebook
Garvit Bajaj | Ads Expert,Garvit Bajaj | Ads Expert,Garvit Bajaj | Ads Expert,918750567033,9806,444444,Facebook
Kushal Vats,Kushal Vats,Kushal Vats,917428381240,9806,444444,Facebook
pooja_rawat _ pooja _786,pooja_rawat _ pooja _786,pooja_rawat _ pooja _786,917803867757,9806,444444,Facebook
AFAQUEMEHDI,AFAQUEMEHDI,AFAQUEMEHDI,919909921061,9806,444444,Facebook
anurag kumar,anurag kumar,anurag kumar,919311848970,9806,444444,Facebook
shivraj,shivraj,shivraj,916376994324,9806,444444,Facebook
Amit Arora,Amit Arora,Amit Arora,918383927660,9806,444444,Facebook
Deepak Gohil,Deepak Gohil,Deepak Gohil,919157914413,9806,444444,Facebook
Deepak Purohit,Deepak Purohit,Deepak Purohit,919353489997,9806,444444,Facebook
rahul chaudhary,rahul chaudhary,rahul chaudhary,919643218282,9806,444444,Facebook
Manish Upadhyay,Manish Upadhyay,Manish Upadhyay,919082417800,9806,444444,Facebook
Sahil Morwani,Sahil Morwani,Sahil Morwani,918888484456,9806,444444,Facebook
Bharat Ahir Kumar,Bharat Ahir Kumar,Bharat Ahir Kumar,917033532578,9806,444444,Facebook
Mayank Gouri Sharma,Mayank Gouri Sharma,Mayank Gouri Sharma,918630525607,9806,444444,Facebook
kalpesh Gosai,kalpesh Gosai,kalpesh Gosai,919033216121,9806,444444,Facebook
Ramkarann Gaund,Ramkarann Gaund,Ramkarann Gaund,919970654699,9806,444444,Facebook
Jagan,Jagan,Jagan,918122140332,9806,444444,Facebook
ajay k malam,ajay k malam,ajay k malam,919033994721,9806,444444,Facebook
Raman Deep,Raman Deep,Raman Deep,919821467292,9806,444444,Facebook
Shashikant Sinnarkar,Shashikant Sinnarkar,Shashikant Sinnarkar,919561994440,9806,444444,Facebook
Ranjan¹⁴³,Ranjan¹⁴³,Ranjan¹⁴³,918085261393,9806,444444,Facebook
Dhakad Alok,Dhakad Alok,Dhakad Alok,916266834601,9806,444444,Facebook
Nagaraj P Bairappa,Nagaraj P Bairappa,Nagaraj P Bairappa,919448697287,9806,444444,Facebook
Nishandan K Bobby,Nishandan K Bobby,Nishandan K Bobby,919841670651,9806,444444,Facebook
Mansukh Gandhi,Mansukh Gandhi,Mansukh Gandhi,919920213373,9806,444444,Facebook
L. M. Mulani,L. M. Mulani,L. M. Mulani,919870888916,9806,444444,Facebook
भरत देशराज,भरत देशराज,भरत देशराज,919977584963,9806,444444,Facebook
Vinod Kumar,Vinod Kumar,Vinod Kumar,919739990019,9806,444444,Facebook
Vicky Kumar,Vicky Kumar,Vicky Kumar,919905851073,9806,444444,Facebook
vikas,vikas,vikas,919310225577,9806,444444,Facebook
Chetan Chandegra,Chetan Chandegra,Chetan Chandegra,919727421372,9806,444444,Facebook
Roshan Semre,Roshan Semre,Roshan Semre,919201330886,9806,444444,Facebook
Anjali,Anjali,Anjali,918815390998,9806,444444,Facebook
Chanabasayya. V . Harakuni,Chanabasayya. V . Harakuni,Chanabasayya. V . Harakuni,16363919076,9806,444444,Facebook
Vikash,Vikash,Vikash,918516986400,9806,444444,Facebook
Vinit Pandey,Vinit Pandey,Vinit Pandey,919028550109,9806,444444,Facebook
Bhushan Shirale,Bhushan Shirale,Bhushan Shirale,918010605947,9806,444444,Facebook
Anand M,Anand M,Anand M,8778275294,9806,444444,Facebook
Pankaj Sachdeva,Pankaj Sachdeva,Pankaj Sachdeva,918860178673,9806,444444,Facebook
Mohd Aarif,Mohd Aarif,Mohd Aarif,917860828304,9806,444444,Facebook
Baban Sharma,Baban Sharma,Baban Sharma,919171012111,9806,444444,Facebook
એસવતભાઈ   પવાર,એસવતભાઈ   પવાર,એસવતભાઈ પવાર,917016116898,9806,444444,Facebook
Ruby rai,Ruby rai,Ruby rai,918506833256,9806,444444,Facebook
Prashant R Sail,Prashant R Sail,Prashant R Sail,919448347311,9806,444444,Facebook
S Joshi,S Joshi,S Joshi,918588841232,9806,444444,Facebook
☾♡🅥🅘🅢🅗🅝🅤♡☽,☾♡🅥🅘🅢🅗🅝🅤♡☽,☾♡🅥🅘🅢🅗🅝🅤♡☽,916353914818,9806,444444,Facebook
Shiv Kumar Sharma,Shiv Kumar Sharma,Shiv Kumar Sharma,919990004560,9806,444444,Facebook
Parmar Alpeshbhai,Parmar Alpeshbhai,Parmar Alpeshbhai,919313295147,9806,444444,Facebook
Siddharth Raigaonkar,Siddharth Raigaonkar,Siddharth Raigaonkar,919833082933,9806,444444,Facebook
Vivek Shukla,Vivek Shukla,Vivek Shukla,918447320885,9806,444444,Facebook
Naresh Arora,Naresh Arora,Naresh Arora,919818375135,9806,444444,Facebook
lli_amrsig_raja_007,lli_amrsig_raja_007,lli_amrsig_raja_007,918233670914,9806,444444,Facebook
Shailesh Sonara,Shailesh Sonara,Shailesh Sonara,919099279366,9806,444444,Facebook
Hindu Sachin Sharama,Hindu Sachin Sharama,Hindu Sachin Sharama,918384049402,9806,444444,Facebook
Bhagwan Bhagwat,Bhagwan Bhagwat,Bhagwan Bhagwat,919833891296,9806,444444,Facebook
Yogesh Kapoor,Yogesh Kapoor,Yogesh Kapoor,919811465176,9806,444444,Facebook
Bhushan Talreja,Bhushan Talreja,Bhushan Talreja,918010101502,9806,444444,Facebook
Pratik,Pratik,Pratik,919727603356,9806,444444,Facebook
Gurush Arora,Gurush Arora,Gurush Arora,919909091818,9806,444444,Facebook
JWEN. LOBO1967,JWEN. LOBO1967,JWEN. LOBO1967,917558732656,9806,444444,Facebook
Sama Mamad Sama,Sama Mamad Sama,Sama Mamad Sama,916351524855,9806,444444,Facebook
bharat sehrawat,bharat sehrawat,bharat sehrawat,919990140071,9806,444444,Facebook
Thiagarajan Seetharaman,Thiagarajan Seetharaman,Thiagarajan Seetharaman,919731701617,9806,444444,Facebook
জোনাকী  বাপূ‌‌‌‌,জোনাকী  বাপূ‌‌‌‌,জোনাকী বাপূ‌‌‌‌,916000750438,9806,444444,Facebook
Maikal oxx cd,Maikal oxx cd,Maikal oxx cd,919142118731,9806,444444,Facebook
Rahul Kushwah,Rahul Kushwah,Rahul Kushwah,917723984535,9806,444444,Facebook
Muralidhara S,Muralidhara S,Muralidhara S,919342867928,9806,444444,Facebook
Amit Kumar Vishwakarma,Amit Kumar Vishwakarma,Amit Kumar Vishwakarma,919829768101,9806,444444,Facebook
jayraj,jayraj,jayraj,917567905324,9806,444444,Facebook
Raviranjan Singh,Raviranjan Singh,Raviranjan Singh,917745079526,9806,444444,Facebook
Bhavnesh Kumar Jain,Bhavnesh Kumar Jain,Bhavnesh Kumar Jain,918850384877,9806,444444,Facebook
Amarat Rabari,Amarat Rabari,Amarat Rabari,917990848112,9806,444444,Facebook
Solanki Mahesh,Solanki Mahesh,Solanki Mahesh,919327065480,9806,444444,Facebook
chiranjeev sharma,chiranjeev sharma,chiranjeev sharma,919555434831,9806,444444,Facebook
Viral Shah,Viral Shah,Viral Shah,919422062445,9806,444444,Facebook
Srinath m,Srinath m,Srinath m,918147120589,9806,444444,Facebook
꧁༒ mr Prabha ৡ༒꧂,꧁༒ mr Prabha ৡ༒꧂,꧁༒ mr Prabha ৡ༒꧂,919063743059,9806,444444,Facebook
Ashish Gangwar,Ashish Gangwar,Ashish Gangwar,919899468650,9806,444444,Facebook
royal king,royal king,royal king,919106534698,9806,444444,Facebook
Vinod Pal,Vinod Pal,Vinod Pal,919644082203,9806,444444,Facebook
Sanjeev,Sanjeev,Sanjeev,918826408001,9806,444444,Facebook
Emran Khan,Emran Khan,Emran Khan,917869015871,9806,444444,Facebook
Mangesh D,Mangesh D,Mangesh D,919993555089,9806,444444,Facebook
Radheee,Radheee,Radheee,917770949069,9806,444444,Facebook
हरपाल,हरपाल,हरपाल,99248,9806,444444,Facebook
@l__love___you_,@l__love___you_,@l__love___you_,919081356127,9806,444444,Facebook
Bipen Rathod,Bipen Rathod,Bipen Rathod,919825308982,9806,444444,Facebook
shubhamyadav7274,shubhamyadav7274,shubhamyadav7274,919265298853,9806,444444,Facebook
S P Garg,S P Garg,S P Garg,918624961419,9806,444444,Facebook
Jayendra Mhatre,Jayendra Mhatre,Jayendra Mhatre,919930553131,9806,444444,Facebook
Ankit Singh,Ankit Singh,Ankit Singh,918552003639,9806,444444,Facebook
Firoj Alvi,Firoj Alvi,Firoj Alvi,918510838015,9806,444444,Facebook
Anil Singh,Anil Singh,Anil Singh,919837380551,9806,444444,Facebook
Shakir Shaikh,Shakir Shaikh,Shakir Shaikh,917058524075,9806,444444,Facebook
Rupesh Kumar,Rupesh Kumar,Rupesh Kumar,919350484845,9806,444444,Facebook
Sanjay Thakor,Sanjay Thakor,Sanjay Thakor,919998643419,9806,444444,Facebook
dada bhai,dada bhai,dada bhai,919343608317,9806,444444,Facebook
Mangilal Chauhan,Mangilal Chauhan,Mangilal Chauhan,919021208796,9806,444444,Facebook
Sandeep Yadav,Sandeep Yadav,Sandeep Yadav,918999139603,9806,444444,Facebook
pragnesh jethva,pragnesh jethva,pragnesh jethva,919033919157,9806,444444,Facebook
Nishank Pandor,Nishank Pandor,Nishank Pandor,919511320796,9806,444444,Facebook
Gourav Vyyas,Gourav Vyyas,Gourav Vyyas,917566617001,9806,444444,Facebook
Yuvraj arora,Yuvraj arora,Yuvraj arora,918882644400,9806,444444,Facebook
Sabir Ali SK,Sabir Ali SK,Sabir Ali SK,917865977323,9806,444444,Facebook
Mayuresh Keer,Mayuresh Keer,Mayuresh Keer,919867293932,9806,444444,Facebook
Azad Akthar Ansari,Azad Akthar Ansari,Azad Akthar Ansari,918169176573,9806,444444,Facebook
Aman𓄂⃝upadhyay࿊࿐,Aman𓄂⃝upadhyay࿊࿐,Aman𓄂⃝upadhyay࿊࿐,917861077581,9806,444444,Facebook
Priyanka,Priyanka,Priyanka,919098938993,9806,444444,Facebook
dhiraj kumar,dhiraj kumar,dhiraj kumar,919871207097,9806,444444,Facebook
Pankaj Kumar,Pankaj Kumar,Pankaj Kumar,919810202997,9806,444444,Facebook
Jatin Kanzariya,Jatin Kanzariya,Jatin Kanzariya,919574837922,9806,444444,Facebook
Vijay Singh,Vijay Singh,Vijay Singh,919315708255,9806,444444,Facebook
Kunal Gaikwad,Kunal Gaikwad,Kunal Gaikwad,917972575469,9806,444444,Facebook
damor__👿,damor__👿,damor__👿,919316772320,9806,444444,Facebook
गुर्जर विजय छाबड़ी,गुर्जर विजय छाबड़ी,गुर्जर विजय छाबड़ी,919509289945,9806,444444,Facebook
Pooja Rupali Jadhav,Pooja Rupali Jadhav,Pooja Rupali Jadhav,918263905547,9806,444444,Facebook
Manoj Sahis,Manoj Sahis,Manoj Sahis,917365883362,9806,444444,Facebook
bawa Singh,bawa Singh,bawa Singh,919891199080,9806,444444,Facebook
Jeetpalsinghrekhi,Jeetpalsinghrekhi,Jeetpalsinghrekhi,917351764786,9806,444444,Facebook
Omkar,Omkar,Omkar,7014418023,9806,444444,Facebook
Kiiaan Arora,Kiiaan Arora,Kiiaan Arora,917065957113,9806,444444,Facebook
Samrin ansari,Samrin ansari,Samrin ansari,919426550046,9806,444444,Facebook
ıllı P͙ u͙p͙a͙d͙h͙a͙y͙a͙y͙ ıllıllı,ıllı P͙ u͙p͙a͙d͙h͙a͙y͙a͙y͙ ıllıllı,ıllı P͙ u͙p͙a͙d͙h͙a͙y͙a͙y͙ ıllıllı,919631156725,9806,444444,Facebook
Shahabuddin Ansari,Shahabuddin Ansari,Shahabuddin Ansari,919355279092,9806,444444,Facebook
Saurabh Kapoor,Saurabh Kapoor,Saurabh Kapoor,919560329170,9806,444444,Facebook
Ashwin Mahadeo  Hate,Ashwin Mahadeo  Hate,Ashwin Mahadeo Hate,919833600163,9806,444444,Facebook
Brijmohan,Brijmohan,Brijmohan,918882336930,9806,444444,Facebook
محمد ساحلS9,محمد ساحلS9,محمد ساحلS9,917351035723,9806,444444,Facebook
Akshat Pandey,Akshat Pandey,Akshat Pandey,918602313600,9806,444444,Facebook
🙏💯🥰♥️कृष्ण सदा सहायते 💫💯♥️🥰🥀🙏,🙏💯🥰♥️कृष्ण सदा सहायते 💫💯♥️🥰🥀🙏,🙏💯🥰♥️कृष्ण सदा सहायते 💫💯♥️🥰🥀🙏,917607896867,9806,444444,Facebook
Ambrish Pandey,Ambrish Pandey,Ambrish Pandey,919069007280,9806,444444,Facebook
Ankit Rai,Ankit Rai,Ankit Rai,919644446900,9806,444444,Facebook
Ruchi Sojitra,Ruchi Sojitra,Ruchi Sojitra,918511480842,9806,444444,Facebook
Drjaydipsinh Chavada,Drjaydipsinh Chavada,Drjaydipsinh Chavada,919925044151,9806,444444,Facebook
Shiva Rawat,Shiva Rawat,Shiva Rawat,918269080627,9806,444444,Facebook
Tasvin Patel,Tasvin Patel,Tasvin Patel,919998896555,9806,444444,Facebook
Ketanbhai Desai,Ketanbhai Desai,Ketanbhai Desai,919537543431,9806,444444,Facebook
Thiagarajan Seetharaman,Thiagarajan Seetharaman,Thiagarajan Seetharaman,919731701617,9806,444444,Facebook
Anish Kumar,Anish Kumar,Anish Kumar,916351210960,9806,444444,Facebook
Rupesh vishnu gaikwad,Rupesh vishnu gaikwad,Rupesh vishnu gaikwad,9373419952,9806,444444,Facebook
Deepesh,Deepesh,Deepesh,919039614915,9806,444444,Facebook
Brijmohan,Brijmohan,Brijmohan,918882336930,9806,444444,Facebook
Tanmay Wagh,Tanmay Wagh,Tanmay Wagh,919167996692,9806,444444,Facebook
dilbr mangliya 786,dilbr mangliya 786,dilbr mangliya 786,919256320901,9806,444444,Facebook
Nivrutti Balu Nikam,Nivrutti Balu Nikam,Nivrutti Balu Nikam,918605277173,9806,444444,Facebook
Suma Sridhar,Suma Sridhar,Suma Sridhar,919844095587,9806,444444,Facebook
♡⭒ƦσῩ⭒♡,♡⭒ƦσῩ⭒♡,♡⭒ƦσῩ⭒♡,918200516275,9806,444444,Facebook
Kamar Alam,Kamar Alam,Kamar Alam,919644992811,9806,444444,Facebook
Krishna _wi-fi_07,Krishna _wi-fi_07,Krishna _wi-fi_07,919263344584,9806,444444,Facebook
Vipin Kumar,Vipin Kumar,Vipin Kumar,919911543409,9806,444444,Facebook
i msis you,i msis you,i msis you,918817732165,9806,444444,Facebook
Kamar Alam,Kamar Alam,Kamar Alam,919644992811,9806,444444,Facebook
Kulsum khan,Kulsum khan,Kulsum khan,919867181682,9806,444444,Facebook
Upender,Upender,Upender,918920617341,9806,444444,Facebook
✿ DEEPU SINGH RAJPUT ✿,✿ DEEPU SINGH RAJPUT ✿,✿ DEEPU SINGH RAJPUT ✿,917724839572,9806,444444,Facebook
RAJITH RUDRA,RAJITH RUDRA,RAJITH RUDRA,918880006040,9806,444444,Facebook
Shiva D V,Shiva D V,Shiva D V,919770238476,9806,444444,Facebook
꧁༒☬𝓻𝓪𝓳𝓪𝓻𝓪𝓶 𝓼𝓸𝓪𝓵𝓷𝓴𝓲 𝓶𝓸.9343748695☬༒꧂,꧁༒☬𝓻𝓪𝓳𝓪𝓻𝓪𝓶 𝓼𝓸𝓪𝓵𝓷𝓴𝓲 𝓶𝓸.9343748695☬༒꧂,꧁༒☬𝓻𝓪𝓳𝓪𝓻𝓪𝓶 𝓼𝓸𝓪𝓵𝓷𝓴𝓲 𝓶𝓸.9343748695☬༒꧂,919343748695,9806,444444,Facebook
Rituraj Bind,Rituraj Bind,Rituraj Bind,919793637399,9806,444444,Facebook
pavin,pavin,pavin,919834267119,9806,444444,Facebook
Sujeet Sangle,Sujeet Sangle,Sujeet Sangle,919049000880,9806,444444,Facebook
Vikas Gupta,Vikas Gupta,Vikas Gupta,919999838915,9806,444444,Facebook
Balram Adiwasi,Balram Adiwasi,Balram Adiwasi,919303802458,9806,444444,Facebook
Tushar Gupta,Tushar Gupta,Tushar Gupta,919958034778,9806,444444,Facebook
Anis mori,Anis mori,Anis mori,919638820047,9806,444444,Facebook
BRIJESH,BRIJESH,BRIJESH,919426769551,9806,444444,Facebook
sona ji..,sona ji..,sona ji..,918827391554,9806,444444,Facebook
a_r_u_n ___5654,a_r_u_n ___5654,a_r_u_n ___5654,919238205915,9806,444444,Facebook
Ankit Yadav,Ankit Yadav,Ankit Yadav,918770769870,9806,444444,Facebook
Sarath Kumar,Sarath Kumar,Sarath Kumar,919952930300,9806,444444,Facebook
Ashwin Mahadeo  Hate,Ashwin Mahadeo  Hate,Ashwin Mahadeo Hate,919833600163,9806,444444,Facebook
ITS_ME_KITTU_THAKUR,ITS_ME_KITTU_THAKUR,ITS_ME_KITTU_THAKUR,919274193224,9806,444444,Facebook
Yadav Rahul,Yadav Rahul,Yadav Rahul,917634046699,9806,444444,Facebook
Santosh Tanwer,Santosh Tanwer,Santosh Tanwer,918319000296,9806,444444,Facebook
Rahul Arora,Rahul Arora,Rahul Arora,918700655225,9806,444444,Facebook
🅺яᷢιͣѕͩнͪиͤα༗   || यादव ||,🅺яᷢιͣѕͩнͪиͤα༗   || यादव ||,🅺яᷢιͣѕͩнͪиͤα༗ || यादव ||,918849093882,9806,444444,Facebook
𝕜𝕣𝕣𝕚𝕤𝕙𝕕𝕚𝕡,𝕜𝕣𝕣𝕚𝕤𝕙𝕕𝕚𝕡,𝕜𝕣𝕣𝕚𝕤𝕙𝕕𝕚𝕡,918140094282,9806,444444,Facebook
Nirav Sonrat,Nirav Sonrat,Nirav Sonrat,919978483993,9806,444444,Facebook
Ramesh Wagde,Ramesh Wagde,Ramesh Wagde,919421881834,9806,444444,Facebook
Krishan kumar,Krishan kumar,Krishan kumar,919968288713,9806,444444,Facebook
LALIT KUMAR S VAIRAGI,LALIT KUMAR S VAIRAGI,LALIT KUMAR S VAIRAGI,919427019151,9806,444444,Facebook
Harish Mahalingaiah,Harish Mahalingaiah,Harish Mahalingaiah,918151999449,9806,444444,Facebook
Vijay Bahadur,Vijay Bahadur,Vijay Bahadur,919067251782,9806,444444,Facebook
Sandeep Pal,Sandeep Pal,Sandeep Pal,919807629843,9806,444444,Facebook
Dilipsinh Zala Zala,Dilipsinh Zala Zala,Dilipsinh Zala Zala,919724895395,9806,444444,Facebook
Devendra Chaudhary,Devendra Chaudhary,Devendra Chaudhary,919958371111,9806,444444,Facebook
Shonu Yadav,Shonu Yadav,Shonu Yadav,919720626654,9806,444444,Facebook
MANISH Kumar,MANISH Kumar,MANISH Kumar,919815049154,9806,444444,Facebook
Mk Manish Ji,Mk Manish Ji,Mk Manish Ji,918676986705,9806,444444,Facebook
One  kumar,One  kumar,One kumar,917067084905,9806,444444,Facebook
Shakti Singh,Shakti Singh,Shakti Singh,918755335542,9806,444444,Facebook
jatin mehta,jatin mehta,jatin mehta,919429638063,9806,444444,Facebook
Atit Chavda,Atit Chavda,Atit Chavda,919099858844,9806,444444,Facebook
Shani Kumar,Shani Kumar,Shani Kumar,919918805661,9806,444444,Facebook
𝙇𝙪𝙘𝙠𝙮_.𝙭03❤️‍🩹,𝙇𝙪𝙘𝙠𝙮_.𝙭03❤️‍🩹,𝙇𝙪𝙘𝙠𝙮_.𝙭03❤️‍🩹,917862894898,9806,444444,Facebook
h.v.barad.......,h.v.barad.......,h.v.barad.......,917698911973,9806,444444,Facebook
Nilesh Patel,Nilesh Patel,Nilesh Patel,919558644755,9806,444444,Facebook
chenprksh,chenprksh,chenprksh,916354473542,9806,444444,Facebook
Nitin Shah,Nitin Shah,Nitin Shah,919820326742,9806,444444,Facebook
Raju Nadaf,Raju Nadaf,Raju Nadaf,919518390089,9806,444444,Facebook
Abhay Raj Khurana,Abhay Raj Khurana,Abhay Raj Khurana,917566486083,9806,444444,Facebook
Kaushik Harjani,Kaushik Harjani,Kaushik Harjani,919925485485,9806,444444,Facebook
Pratik Patel,Pratik Patel,Pratik Patel,919081911550,9806,444444,Facebook
Arvind Yadav,Arvind Yadav,Arvind Yadav,919540782507,9806,444444,Facebook
जिलेदार वर्मा,जिलेदार वर्मा,जिलेदार वर्मा,918429291081,9806,444444,Facebook
Jikku Philip,Jikku Philip,Jikku Philip,917977878537,9806,444444,Facebook
Vipul Rupapara,Vipul Rupapara,Vipul Rupapara,919879460377,9806,444444,Facebook
Sonu Namdev,Sonu Namdev,Sonu Namdev,917000412568,9806,444444,Facebook
MR  ¥,MR  ¥,MR ¥,918849947619,9806,444444,Facebook
santosh kudale,santosh kudale,santosh kudale,919922792809,9806,444444,Facebook
Jitender,Jitender,Jitender,919873544244,9806,444444,Facebook
↳｡˚ 𝘏𝑎𝔯𝔰ʱ𝖚𝑝𝑎𝔱𝖊أ♡┊,↳｡˚ 𝘏𝑎𝔯𝔰ʱ𝖚𝑝𝑎𝔱𝖊أ♡┊,↳｡˚ 𝘏𝑎𝔯𝔰ʱ𝖚𝑝𝑎𝔱𝖊أ♡┊,916262563476,9806,444444,Facebook
꧁•༆$𝑺𝒂𝒏𝒋𝒂𝒚 𝑽𝒊𝒔𝒉𝒘𝒂𝒌𝒂𝒓𝒎𝒂(｡‿｡),꧁•༆$𝑺𝒂𝒏𝒋𝒂𝒚 𝑽𝒊𝒔𝒉𝒘𝒂𝒌𝒂𝒓𝒎𝒂(｡‿｡),꧁•༆$𝑺𝒂𝒏𝒋𝒂𝒚 𝑽𝒊𝒔𝒉𝒘𝒂𝒌𝒂𝒓𝒎𝒂(｡‿｡),917043617776,9806,444444,Facebook
Dilipsinh Zala,Dilipsinh Zala,Dilipsinh Zala,919724895395,9806,444444,Facebook
νιиαу σffι¢ιαℓ 402,νιиαу σffι¢ιαℓ 402,νιиαу σffι¢ιαℓ 402,919023371817,9806,444444,Facebook
kc02ek4-O@B_pIb,kc02ek4-O@B_pIb,kc02ek4-O@B_pIb,919725123297,9806,444444,Facebook
MR_Rahim_shaha 18,MR_Rahim_shaha 18,MR_Rahim_shaha 18,918010921920,9806,444444,Facebook
आकाश,आकाश,आकाश,917307684354,9806,444444,Facebook
Dhiren Khona,Dhiren Khona,Dhiren Khona,919624420999,9806,444444,Facebook
Anoop Rathor,Anoop Rathor,Anoop Rathor,919935802591,9806,444444,Facebook
Dushyant Kumar,Dushyant Kumar,Dushyant Kumar,919015980061,9806,444444,Facebook
Israil Ail,Israil Ail,Israil Ail,919838048029,9806,444444,Facebook
Neetesh Yadav,Neetesh Yadav,Neetesh Yadav,917747968314,9806,444444,Facebook
kt,kt,kt,918999096164,9806,444444,Facebook
👑 syko..>💙♦️ • ᴮᴬᴰʙᴏʏ<<<<™>>>>>👑🫵,👑 syko..>💙♦️ • ᴮᴬᴰʙᴏʏ<<<<™>>>>>👑🫵,👑 syko..>💙♦️ • ᴮᴬᴰʙᴏʏ<<<<™>>>>>👑🫵,919653808473,9806,444444,Facebook
Naresh Bhai,Naresh Bhai,Naresh Bhai,917458017649,9806,444444,Facebook
SHIVAM,SHIVAM,SHIVAM,918368984043,9806,444444,Facebook
Devraj Chouhan,Devraj Chouhan,Devraj Chouhan,919329065856,9806,444444,Facebook
DASHRATH KUMAR RATHORE,DASHRATH KUMAR RATHORE,DASHRATH KUMAR RATHORE,919173042664,9806,444444,Facebook
Disha,Disha,Disha,919310778132,9806,444444,Facebook
मनहरजाटव,मनहरजाटव,मनहरजाटव,917067048251,9806,444444,Facebook
Anoop,Anoop,Anoop,916392509624,9806,444444,Facebook
ll_royal_x_1k,ll_royal_x_1k,ll_royal_x_1k,918238332304,9806,444444,Facebook
Sahid 77,Sahid 77,Sahid 77,919864661957,9806,444444,Facebook
itp__bk__shyar0.0,itp__bk__shyar0.0,itp__bk__shyar0.0,85741236934,9806,444444,Facebook
_rider_suriya_king_0016,_rider_suriya_king_0016,_rider_suriya_king_0016,918320335228,9806,444444,Facebook
kaosuhar. kauh,kaosuhar. kauh,kaosuhar. kauh,918417933426,9806,444444,Facebook
Rajasekaran Jeyaprakasan,Rajasekaran Jeyaprakasan,Rajasekaran Jeyaprakasan,919965579669,9806,444444,Facebook
Loki Gowda Loki Gowda,Loki Gowda Loki Gowda,Loki Gowda Loki Gowda,917760116181,9806,444444,Facebook
8233,8233,8233,917706061147,9806,444444,Facebook
Shiv Prakash,Shiv Prakash,Shiv Prakash,917705875630,9806,444444,Facebook
જીનું 143_,જીનું 143_,જીનું 143_,919574627978,9806,444444,Facebook
muska 😘,muska 😘,muska 😘,919136215703,9806,444444,Facebook
lakhindr Singh Kuntiya,lakhindr Singh Kuntiya,lakhindr Singh Kuntiya,917780295549,9806,444444,Facebook
Himesh Parikh,Himesh Parikh,Himesh Parikh,919377148996,9806,444444,Facebook
silent boy,silent boy,silent boy,917753077346,9806,444444,Facebook
Salunke Pravin 🔱💸,Salunke Pravin 🔱💸,Salunke Pravin 🔱💸,918128019996,9806,444444,Facebook
SHABNAM ansriamadiya,SHABNAM ansriamadiya,SHABNAM ansriamadiya,919769361536,9806,444444,Facebook
Amit,Amit,Amit,916306091220,9806,444444,Facebook
Shejad Khan,Shejad Khan,Shejad Khan,918401478288,9806,444444,Facebook
prince  ki princess,prince  ki princess,prince ki princess,919685365991,9806,444444,Facebook
kign _/\_445,kign _/\_445,kign _/\_445,917412903101,9806,444444,Facebook
S_u_m_i_t9753,S_u_m_i_t9753,S_u_m_i_t9753,917024552551,9806,444444,Facebook
J E E T . J . D A V,J E E T . J . D A V,J E E T . J . D A V,919429577715,9806,444444,Facebook
Ransh Panika,Ransh Panika,Ransh Panika,917470739033,9806,444444,Facebook
Rohit,Rohit,Rohit,917505112341,9806,444444,Facebook
Vaibhav Mohod,Vaibhav Mohod,Vaibhav Mohod,919307706877,9806,444444,Facebook
ArshU0213,ArshU0213,ArshU0213,918860093576,9806,444444,Facebook
notty__boy009,notty__boy009,notty__boy009,919211281455,9806,444444,Facebook
pooja tiwari 9878,pooja tiwari 9878,pooja tiwari 9878,917470537440,9806,444444,Facebook
Guddu Kamar,Guddu Kamar,Guddu Kamar,918699478853,9806,444444,Facebook
Karan Boddh,Karan Boddh,Karan Boddh,919586635855,9806,444444,Facebook
Hanspal nihal,Hanspal nihal,Hanspal nihal,919399280078,9806,444444,Facebook
xmast__amit__143,xmast__amit__143,xmast__amit__143,919065778535,9806,444444,Facebook
Anil Rastogi,Anil Rastogi,Anil Rastogi,919811036618,9806,444444,Facebook
Jannat Ni Sarkar,Jannat Ni Sarkar,Jannat Ni Sarkar,919328197072,9806,444444,Facebook
Premnath Bharti,Premnath Bharti,Premnath Bharti,918924003614,9806,444444,Facebook
Gùłšhãń Šhářmä,Gùłšhãń Šhářmä,Gùłšhãń Šhářmä,916006399379,9806,444444,Facebook
CH..KARAN..           JATAV,CH..KARAN..           JATAV,CH..KARAN.. JATAV,917078005955,9806,444444,Facebook
__sweetiii__💗,__sweetiii__💗,__sweetiii__💗,916232312198,9806,444444,Facebook
Swapnil,Swapnil,Swapnil,918149637903,9806,444444,Facebook
Bihari Lal Bihari Ghotar,Bihari Lal Bihari Ghotar,Bihari Lal Bihari Ghotar,919664392507,9806,444444,Facebook
Vijay Lahre,Vijay Lahre,Vijay Lahre,919238401625,9806,444444,Facebook
Sagar Thakur,Sagar Thakur,Sagar Thakur,919016223519,9806,444444,Facebook
Virendra,Virendra,Virendra,919009270676,9806,444444,Facebook
Aysuhjatav,Aysuhjatav,Aysuhjatav,919654088819,9806,444444,Facebook
Nitesh Kumar,Nitesh Kumar,Nitesh Kumar,919601153144,9806,444444,Facebook
mr_ Deepika_ meena_,mr_ Deepika_ meena_,mr_ Deepika_ meena_,917849844190,9806,444444,Facebook
𝖆𝖐,𝖆𝖐,𝖆𝖐,917084058514,9806,444444,Facebook
sartaj star 07,sartaj star 07,sartaj star 07,916360887497,9806,444444,Facebook
ਪੱਲਵੀ ਸੰਗਤੇ,ਪੱਲਵੀ ਸੰਗਤੇ,ਪੱਲਵੀ ਸੰਗਤੇ,918087158667,9806,444444,Facebook
—͟͞͞★𝒀ⱥʂ𝙝𝒖𝒖—͟͞͞★,—͟͞͞★𝒀ⱥʂ𝙝𝒖𝒖—͟͞͞★,—͟͞͞★𝒀ⱥʂ𝙝𝒖𝒖—͟͞͞★,919328418177,9806,444444,Facebook
M Pawan Dawar,M Pawan Dawar,M Pawan Dawar,919098075783,9806,444444,Facebook
Dr Prashant,Dr Prashant,Dr Prashant,918077807453,9806,444444,Facebook
Rema S.,Rema S.,Rema S.,917698963843,9806,444444,Facebook
abdul kayyum,abdul kayyum,abdul kayyum,917869257497,9806,444444,Facebook
जीवन राठौड़,जीवन राठौड़,जीवन राठौड़,919022619892,9806,444444,Facebook
Udaisingh,Udaisingh,Udaisingh,919399952031,9806,444444,Facebook
__Ƈհօեҽ__ղɑաɑҍ__307__,__Ƈհօեҽ__ղɑաɑҍ__307__,__Ƈհօեҽ__ղɑաɑҍ__307__,918307184074,9806,444444,Facebook
Vijay Agarkar,Vijay Agarkar,Vijay Agarkar,918408864814,9806,444444,Facebook
dilip Thakur,dilip Thakur,dilip Thakur,916268327239,9806,444444,Facebook
Nisar Ajab,Nisar Ajab,Nisar Ajab,918141974762,9806,444444,Facebook
Subham Sahu,Subham Sahu,Subham Sahu,917879957267,9806,444444,Facebook
Prince Kumar,Prince Kumar,Prince Kumar,919313132591,9806,444444,Facebook
Aniket Watthi,Aniket Watthi,Aniket Watthi,919607868035,9806,444444,Facebook
shanti parjapati,shanti parjapati,shanti parjapati,916354909527,9806,444444,Facebook
MAjgjgj Wjgjgka,MAjgjgj Wjgjgka,MAjgjgj Wjgjgka,919770641453,9806,444444,Facebook
Vikash Bhuriya,Vikash Bhuriya,Vikash Bhuriya,919023808168,9806,444444,Facebook
eshan,eshan,eshan,919328650076,9806,444444,Facebook
kelash kumar ranna   7014343162,kelash kumar ranna   7014343162,kelash kumar ranna 7014343162,917014343162,9806,444444,Facebook
❣️𝘿𝙚𝙫𝙚𝙨𝙝 𝙥𝙧𝙖𝙟𝙖𝙥𝙖𝙩𝙞😊,❣️𝘿𝙚𝙫𝙚𝙨𝙝 𝙥𝙧𝙖𝙟𝙖𝙥𝙖𝙩𝙞😊,❣️𝘿𝙚𝙫𝙚𝙨𝙝 𝙥𝙧𝙖𝙟𝙖𝙥𝙖𝙩𝙞😊,918953753376,9806,444444,Facebook
राहुल सोलंकी,राहुल सोलंकी,राहुल सोलंकी,919303862704,9806,444444,Facebook
Ꮇʀ᭄❖VᏆSᎻAL࿐,Ꮇʀ᭄❖VᏆSᎻAL࿐,Ꮇʀ᭄❖VᏆSᎻAL࿐,919752982598,9806,444444,Facebook
Swapnil Khanderao,Swapnil Khanderao,Swapnil Khanderao,919325620966,9806,444444,Facebook
BOTHIYA SAB 💪,BOTHIYA SAB 💪,BOTHIYA SAB 💪,919001412937,9806,444444,Facebook
Nazir shaikh,Nazir shaikh,Nazir shaikh,919737390031,9806,444444,Facebook
꧁༒♛๖ۣۜℜaͥkeͣsͫђ♛༒꧂,꧁༒♛๖ۣۜℜaͥkeͣsͫђ♛༒꧂,꧁༒♛๖ۣۜℜaͥkeͣsͫђ♛༒꧂,917976074932,9806,444444,Facebook
(⁠✧⁠Д⁠✧⁠)⁠→Raj khan ←⁠╣⁠[⁠-⁠_⁠-⁠]⁠╠⁠,(⁠✧⁠Д⁠✧⁠)⁠→Raj khan ←⁠╣⁠[⁠-⁠_⁠-⁠]⁠╠⁠,(⁠✧⁠Д⁠✧⁠)⁠→Raj khan ←⁠╣⁠[⁠-⁠_⁠-⁠]⁠╠⁠,917019212991,9806,444444,Facebook
Paswan Rahul,Paswan Rahul,Paswan Rahul,918863900877,9806,444444,Facebook
MAA jogni no.divano,MAA jogni no.divano,MAA jogni no.divano,917859967651,9806,444444,Facebook
chandarvanshi,chandarvanshi,chandarvanshi,919708838029,9806,444444,Facebook
nauu chota boy,nauu chota boy,nauu chota boy,919301592160,9806,444444,Facebook
Kapil Kumar,Kapil Kumar,Kapil Kumar,918630120252,9806,444444,Facebook
MˣRꪝPC 모,MˣRꪝPC 모,MˣRꪝPC 모,919131609634,9806,444444,Facebook
Kalpesh Koitiya Koitya,Kalpesh Koitiya Koitya,Kalpesh Koitiya Koitya,919737587276,9806,444444,Facebook
rosni__kumari_s,rosni__kumari_s,rosni__kumari_s,919238645216,9806,444444,Facebook
‌‌dilip Parmar,‌‌dilip Parmar,‌‌dilip Parmar,919879019186,9806,444444,Facebook
pinki bhaskar,pinki bhaskar,pinki bhaskar,917226852264,9806,444444,Facebook
MR_Rahim_shaha 18,MR_Rahim_shaha 18,MR_Rahim_shaha 18,918010921920,9806,444444,Facebook
Jakir Kumar Bhuriya,Jakir Kumar Bhuriya,Jakir Kumar Bhuriya,919328903720,9806,444444,Facebook
Vikash Barman,Vikash Barman,Vikash Barman,916264693800,9806,444444,Facebook
Teri Gf Meri X,Teri Gf Meri X,Teri Gf Meri X,916350470310,9806,444444,Facebook
आदर्श 11,आदर्श 11,आदर्श 11,919770827240,9806,444444,Facebook
Babu Shaikh,Babu Shaikh,Babu Shaikh,919096699924,9806,444444,Facebook
cute baby,cute baby,cute baby,918263067615,9806,444444,Facebook
Avinash,Avinash,Avinash,918929798949,9806,444444,Facebook
Dilsad Khan,Dilsad Khan,Dilsad Khan,916398629338,9806,444444,Facebook
Sandeep Chavan,Sandeep Chavan,Sandeep Chavan,919380087406,9806,444444,Facebook
Rakesh Roat,Rakesh Roat,Rakesh Roat,919023032750,9806,444444,Facebook
pathan,pathan,pathan,918874770179,9806,444444,Facebook
Basid K King,Basid K King,Basid K King,919924182643,9806,444444,Facebook
Murali Kshtriyar,Murali Kshtriyar,Murali Kshtriyar,916363157440,9806,444444,Facebook
Santhoshkavitha Santhosh,Santhoshkavitha Santhosh,Santhoshkavitha Santhosh,918880933318,9806,444444,Facebook
f----f king %--boy,f----f king %--boy,f----f king %--boy,916265604421,9806,444444,Facebook
gulab_katara_1234,gulab_katara_1234,gulab_katara_1234,919054962579,9806,444444,Facebook
Bipin Vasava,Bipin Vasava,Bipin Vasava,919510327501,9806,444444,Facebook
Tarang Solanki,Tarang Solanki,Tarang Solanki,918238415587,9806,444444,Facebook
Manoj Naresh Devipujak,Manoj Naresh Devipujak,Manoj Naresh Devipujak,917574090592,9806,444444,Facebook
Sandip Mohan Kale,Sandip Mohan Kale,Sandip Mohan Kale,918007296305,9806,444444,Facebook
Mohidur Rahman,Mohidur Rahman,Mohidur Rahman,917679547396,9806,444444,Facebook
unique _boy_dev,unique _boy_dev,unique _boy_dev,919302599702,9806,444444,Facebook
Classy_boy,Classy_boy,Classy_boy,919238546291,9806,444444,Facebook
Devendra 9219,Devendra 9219,Devendra 9219,918460408906,9806,444444,Facebook
Yogesh Kapoor,Yogesh Kapoor,Yogesh Kapoor,919811465176,9806,444444,Facebook
𝐃𝐀𝐊𝐇𝐔 𝟒𝐱,𝐃𝐀𝐊𝐇𝐔 𝟒𝐱,𝐃𝐀𝐊𝐇𝐔 𝟒𝐱,917862989442,9806,444444,Facebook
Shubham Vetal,Shubham Vetal,Shubham Vetal,919653637765,9806,444444,Facebook
Aakash Suryavansho Suryavanshi Suryavanshi,Aakash Suryavansho Suryavanshi Suryavanshi,Aakash Suryavansho Suryavanshi Suryavanshi,918839168587,9806,444444,Facebook
Jitender Kumar Ahari,Jitender Kumar Ahari,Jitender Kumar Ahari,919023718597,9806,444444,Facebook
begin Shah,begin Shah,begin Shah,917070381530,9806,444444,Facebook
ANKIT CHAUDHARY 75,ANKIT CHAUDHARY 75,ANKIT CHAUDHARY 75,916268175221,9806,444444,Facebook
kamlesh ___meena__04,kamlesh ___meena__04,kamlesh ___meena__04,917357442454,9806,444444,Facebook
Ravi Chandravanshi,Ravi Chandravanshi,Ravi Chandravanshi,919770737395,9806,444444,Facebook
સુરેશ ઠાકોર,સુરેશ ઠાકોર,સુરેશ ઠાકોર,919265108344,9806,444444,Facebook
Jithukrishnan,Jithukrishnan,Jithukrishnan,917356633880,9806,444444,Facebook
Paha.ri 000,Paha.ri 000,Paha.ri 000,917973684084,9806,444444,Facebook
Ajay. Devipujak. 20k,Ajay. Devipujak. 20k,Ajay. Devipujak. 20k,918849684836,9806,444444,Facebook
..PRINCE..ROY..,..PRINCE..ROY..,..PRINCE..ROY..,918252286366,9806,444444,Facebook
Kiru Barnada,Kiru Barnada,Kiru Barnada,917340249662,9806,444444,Facebook
Sanju Kong,Sanju Kong,Sanju Kong,918780709854,9806,444444,Facebook
Taj Tajmohammad,Taj Tajmohammad,Taj Tajmohammad,918591167479,9806,444444,Facebook
Chuku Koushal,Chuku Koushal,Chuku Koushal,916263501131,9806,444444,Facebook
@_<neha©💕__kasde©🥰💕,@_<neha©💕__kasde©🥰💕,@_<neha©💕__kasde©🥰💕,917803043217,9806,444444,Facebook
Divyang Mistry,Divyang Mistry,Divyang Mistry,917046164470,9806,444444,Facebook
ram_dhangar_420,ram_dhangar_420,ram_dhangar_420,919351178470,9806,444444,Facebook
માં મસાણી સીકોતર દેવરાજપૂરા,માં મસાણી સીકોતર દેવરાજપૂરા,માં મસાણી સીકોતર દેવરાજપૂરા,917359615880,9806,444444,Facebook
गायक विकाश दिराहा,गायक विकाश दिराहा,गायक विकाश दिराहा,919801413187,9806,444444,Facebook
Ns_ridar__09,Ns_ridar__09,Ns_ridar__09,919202214532,9806,444444,Facebook
Anish Jharbade,Anish Jharbade,Anish Jharbade,918815068156,9806,444444,Facebook
꧁༒♛ŘØŠHĀŃ ♛༒꧂,꧁༒♛ŘØŠHĀŃ ♛༒꧂,꧁༒♛ŘØŠHĀŃ ♛༒꧂,88274919,9806,444444,Facebook
kapil,kapil,kapil,919953327524,9806,444444,Facebook
Om Prakash Kumar,Om Prakash Kumar,Om Prakash Kumar,918529944879,9806,444444,Facebook
____रावण___302,____रावण___302,____रावण___302,916367683212,9806,444444,Facebook
Sonu Kumar,Sonu Kumar,Sonu Kumar,917043904059,9806,444444,Facebook
Yogesh vanzara,Yogesh vanzara,Yogesh vanzara,916359661564,9806,444444,Facebook
Srinidhi Keshava,Srinidhi Keshava,Srinidhi Keshava,919483695429,9806,444444,Facebook
भुरू सिसोदिया,भुरू सिसोदिया,भुरू सिसोदिया,919301491782,9806,444444,Facebook
Piyush Awasthi,Piyush Awasthi,Piyush Awasthi,918737073086,9806,444444,Facebook
Sonu Kumar,Sonu Kumar,Sonu Kumar,917879507059,9806,444444,Facebook
................,................,................,919770339498,9806,444444,Facebook
Chhotu Yadav,Chhotu Yadav,Chhotu Yadav,917804098005,9806,444444,Facebook
𒆜ᏒᴏʏᴀʟㅤᏒᴀɴᴀ࿐,𒆜ᏒᴏʏᴀʟㅤᏒᴀɴᴀ࿐,𒆜ᏒᴏʏᴀʟㅤᏒᴀɴᴀ࿐,919558973711,9806,444444,Facebook
sandip Joshi,sandip Joshi,sandip Joshi,919893524758,9806,444444,Facebook
Aasha  dawar,Aasha  dawar,Aasha dawar,917354486661,9806,444444,Facebook
sachin,sachin,sachin,919899288976,9806,444444,Facebook
Naam Kya Sani,Naam Kya Sani,Naam Kya Sani,917828885027,9806,444444,Facebook
꧁♡t𝔥𝔞𝔨𝔲𝔯._.𝔧𝔦𝔦♡꧂,꧁♡t𝔥𝔞𝔨𝔲𝔯._.𝔧𝔦𝔦♡꧂,꧁♡t𝔥𝔞𝔨𝔲𝔯._.𝔧𝔦𝔦♡꧂,919770747259,9806,444444,Facebook
Mahantesh M Lukk,Mahantesh M Lukk,Mahantesh M Lukk,919686742203,9806,444444,Facebook
mr Gowda,mr Gowda,mr Gowda,919019114303,9806,444444,Facebook
katiiil_boy__sunil__425,katiiil_boy__sunil__425,katiiil_boy__sunil__425,919509591699,9806,444444,Facebook
Tina_7737,Tina_7737,Tina_7737,918770223625,9806,444444,Facebook
Deepak Rajput,Deepak Rajput,Deepak Rajput,919350275518,9806,444444,Facebook
Vinay Kumar,Vinay Kumar,Vinay Kumar,918052474107,9806,444444,Facebook
Mahek NambevNamba,Mahek NambevNamba,Mahek NambevNamba,919773040957,9806,444444,Facebook
Boby Minekar King,Boby Minekar King,Boby Minekar King,917984428930,9806,444444,Facebook
सुनील चौहान,सुनील चौहान,सुनील चौहान,919009347606,9806,444444,Facebook
Aman Qureshi,Aman Qureshi,Aman Qureshi,919343370538,9806,444444,Facebook
sanjay Rathva,sanjay Rathva,sanjay Rathva,917863880524,9806,444444,Facebook
aniket nirmaney,aniket nirmaney,aniket nirmaney,919997621998,9806,444444,Facebook
"pooja,,kumari","pooja,,kumari","pooja,,kumari",919016420983,9806,444444,Facebook
Tasleem T S,Tasleem T S,Tasleem T S,918448358544,9806,444444,Facebook
꧁༺𝓚𝓲𝓵𝓵𝓮𝓻 𝓴𝓲𝓷𝓰༺꧂,꧁༺𝓚𝓲𝓵𝓵𝓮𝓻 𝓴𝓲𝓷𝓰༺꧂,꧁༺𝓚𝓲𝓵𝓵𝓮𝓻 𝓴𝓲𝓷𝓰༺꧂,916359147996,9806,444444,Facebook
Shivani Patidar,Shivani Patidar,Shivani Patidar,916268964647,9806,444444,Facebook
"A,,s,,thakor","A,,s,,thakor","A,,s,,thakor",919537339043,9806,444444,Facebook
LEATHER LIFE,LEATHER LIFE,LEATHER LIFE,917019786227,9806,444444,Facebook
લોધા રાજપુત,લોધા રાજપુત,લોધા રાજપુત,919244181329,9806,444444,Facebook
Shikha Yadav,Shikha Yadav,Shikha Yadav,919648109024,9806,444444,Facebook
Aakash gautam,Aakash gautam,Aakash gautam,916306458369,9806,444444,Facebook
༺༒𝓐𝓑𝓱𝓲__𝓡𝓸𝔂𝓪𝓵༒༻,༺༒𝓐𝓑𝓱𝓲__𝓡𝓸𝔂𝓪𝓵༒༻,༺༒𝓐𝓑𝓱𝓲__𝓡𝓸𝔂𝓪𝓵༒༻,919926197508,9806,444444,Facebook
mr. king3215,mr. king3215,mr. king3215,917810906318,9806,444444,Facebook
Dharmendra Damor,Dharmendra Damor,Dharmendra Damor,917990247584,9806,444444,Facebook
𓄂≛⃝𝄟⃝ᴅᴡᴀʀɪᴋᴀᴅʜɪ₴ʜ..,𓄂≛⃝𝄟⃝ᴅᴡᴀʀɪᴋᴀᴅʜɪ₴ʜ..,𓄂≛⃝𝄟⃝ᴅᴡᴀʀɪᴋᴀᴅʜɪ₴ʜ..,919426921247,9806,444444,Facebook
SOLANKI,SOLANKI,SOLANKI,918823077594,9806,444444,Facebook
Sejal Raikwar,Sejal Raikwar,Sejal Raikwar,917804891400,9806,444444,Facebook
dhavalsuthar,dhavalsuthar,dhavalsuthar,919974956782,9806,444444,Facebook
Neelesh Kumar,Neelesh Kumar,Neelesh Kumar,918349573906,9806,444444,Facebook
Bharat Gol,Bharat Gol,Bharat Gol,919664947870,9806,444444,Facebook
Mubarak,Mubarak,Mubarak,917666340136,9806,444444,Facebook
Arman Miya Bhai,Arman Miya Bhai,Arman Miya Bhai,917898914532,9806,444444,Facebook
Sanjay Pentar,Sanjay Pentar,Sanjay Pentar,918530790477,9806,444444,Facebook
Parmar Kuldip,Parmar Kuldip,Parmar Kuldip,918980792669,9806,444444,Facebook
कट्टर अंबेडकरवादी,कट्टर अंबेडकरवादी,कट्टर अंबेडकरवादी,919719936507,9806,444444,Facebook
𝒦𝒾𝓃𝑔 𝒫𝒶𝓇𝓉𝒶𝓅𝟣𝟢𝓀,𝒦𝒾𝓃𝑔 𝒫𝒶𝓇𝓉𝒶𝓅𝟣𝟢𝓀,𝒦𝒾𝓃𝑔 𝒫𝒶𝓇𝓉𝒶𝓅𝟣𝟢𝓀,917984460411,9806,444444,Facebook
भरत गड़रीया,भरत गड़रीया,भरत गड़रीया,916265511774,9806,444444,Facebook
ਰਿਸ਼ਭ,ਰਿਸ਼ਭ,ਰਿਸ਼ਭ,918287809559,9806,444444,Facebook
Ajay Gupta,Ajay Gupta,Ajay Gupta,918208586176,9806,444444,Facebook
Sunil Bhai,Sunil Bhai,Sunil Bhai,918527264995,9806,444444,Facebook
yourr_arun_😎,yourr_arun_😎,yourr_arun_😎,918127671895,9806,444444,Facebook
Umesh Kavya,Umesh Kavya,Umesh Kavya,919980509670,9806,444444,Facebook
आलकैश चागरे,आलकैश चागरे,आलकैश चागरे,918305718038,9806,444444,Facebook
Raj Sharma,Raj Sharma,Raj Sharma,919765222722,9806,444444,Facebook
Divya Sagar Kamble,Divya Sagar Kamble,Divya Sagar Kamble,918766617119,9806,444444,Facebook
Jeevan Jeevan Thakur,Jeevan Jeevan Thakur,Jeevan Jeevan Thakur,916266586452,9806,444444,Facebook
Durgesh Pandare,Durgesh Pandare,Durgesh Pandare,919021080715,9806,444444,Facebook
Vishal Bhatt,Vishal Bhatt,Vishal Bhatt,918123914660,9806,444444,Facebook
FARAZ🥷SAIFI⚠️,FARAZ🥷SAIFI⚠️,FARAZ🥷SAIFI⚠️,918630197979,9806,444444,Facebook
bhanij-raja�up93,bhanij-raja�up93,bhanij-raja�up93,916393101257,9806,444444,Facebook
the.loneliest07,the.loneliest07,the.loneliest07,918085101742,9806,444444,Facebook
Aniket Patel,Aniket Patel,Aniket Patel,9617999546,9806,444444,Facebook
Armaan,Armaan,Armaan,918401355786,9806,444444,Facebook
Chhota Don,Chhota Don,Chhota Don,919873888486,9806,444444,Facebook
Mimana Ninama,Mimana Ninama,Mimana Ninama,917877130200,9806,444444,Facebook
virend ravi,virend ravi,virend ravi,916260651223,9806,444444,Facebook
Azeem Ansari,Azeem Ansari,Azeem Ansari,919528648048,9806,444444,Facebook
Vasava Radhika,Vasava Radhika,Vasava Radhika,918758923519,9806,444444,Facebook
Ajay _Ninama,Ajay _Ninama,Ajay _Ninama,917067052695,9806,444444,Facebook
@Som- नाथ 1432,@Som- नाथ 1432,@Som- नाथ 1432,919371974129,9806,444444,Facebook
꧁𓊈 𝕞𝕣.༆☞ ⓈⓊⓃⒾⓁ𓊉꧂,꧁𓊈 𝕞𝕣.༆☞ ⓈⓊⓃⒾⓁ𓊉꧂,꧁𓊈 𝕞𝕣.༆☞ ⓈⓊⓃⒾⓁ𓊉꧂,919303930272,9806,444444,Facebook
Arun Raj,Arun Raj,Arun Raj,918448250013,9806,444444,Facebook
love you baby93299547147489693824,love you baby93299547147489693824,love you baby93299547147489693824,919329954714,9806,444444,Facebook
tupan.  007,tupan.  007,tupan. 007,917742881499,9806,444444,Facebook
Gorakshanath Kalavati Badrinath Koli,Gorakshanath Kalavati Badrinath Koli,Gorakshanath Kalavati Badrinath Koli,917718056033,9806,444444,Facebook
લલુ વાશકલે,લલુ વાશકલે,લલુ વાશકલે,919274390503,9806,444444,Facebook
Kuldeep,Kuldeep,Kuldeep,916260088524,9806,444444,Facebook
Thakor Vinu,Thakor Vinu,Thakor Vinu,917990953988,9806,444444,Facebook
Nikhil Baisla,Nikhil Baisla,Nikhil Baisla,917011553013,9806,444444,Facebook
Tushar Verma,Tushar Verma,Tushar Verma,919589197892,9806,444444,Facebook
cute -girl💕💕,cute -girl💕💕,cute -girl💕💕,918262979660,9806,444444,Facebook
🅳🅸🆅🆂🅸🅺 ❹❼,🅳🅸🆅🆂🅸🅺 ❹❼,🅳🅸🆅🆂🅸🅺 ❹❼,916351432287,9806,444444,Facebook
गुर्जर,गुर्जर,गुर्जर,917067991651,9806,444444,Facebook
Raj Sharma,Raj Sharma,Raj Sharma,919765222722,9806,444444,Facebook
Koiran Mafiya Pachna King,Koiran Mafiya Pachna King,Koiran Mafiya Pachna King,917857935283,9806,444444,Facebook
mohit_nayak__457,mohit_nayak__457,mohit_nayak__457,919691963422,9806,444444,Facebook
Patel Jinesh Jinesh,Patel Jinesh Jinesh,Patel Jinesh Jinesh,917046652006,9806,444444,Facebook
bad__Boy,bad__Boy,bad__Boy,919199046283,9806,444444,Facebook
David Marvin Rider,David Marvin Rider,David Marvin Rider,916378796140,9806,444444,Facebook
Sheetal Netam,Sheetal Netam,Sheetal Netam,916304370594,9806,444444,Facebook
☆@ju☆《zapu》,☆@ju☆《zapu》,☆@ju☆《zapu》,919033611894,9806,444444,Facebook
रोहीत मईडा,रोहीत मईडा,रोहीत मईडा,917724803885,9806,444444,Facebook
तनु खाद बीज भंडार बैराड़,तनु खाद बीज भंडार बैराड़,तनु खाद बीज भंडार बैराड़,919238401419,9806,444444,Facebook
Himat.  sadat,Himat.  sadat,Himat. sadat,918238039683,9806,444444,Facebook
Nitesh Sahu,Nitesh Sahu,Nitesh Sahu,916261747897,9806,444444,Facebook
Govind Sharma,Govind Sharma,Govind Sharma,919960704146,9806,444444,Facebook
Rushil marskole,Rushil marskole,Rushil marskole,919303956280,9806,444444,Facebook
Amit Yadav bhai ji,Amit Yadav bhai ji,Amit Yadav bhai ji,918090372248,9806,444444,Facebook
Dilip kumar,Dilip kumar,Dilip kumar,918123815005,9806,444444,Facebook
sp _shankuu_timli__lovrr,sp _shankuu_timli__lovrr,sp _shankuu_timli__lovrr,919636309154,9806,444444,Facebook
Tilak yaduvanshi,Tilak yaduvanshi,Tilak yaduvanshi,919330392847,9806,444444,Facebook
shilpa,shilpa,shilpa,918097509782,9806,444444,Facebook
Raj Malviya,Raj Malviya,Raj Malviya,918817355671,9806,444444,Facebook
Pavan Meena,Pavan Meena,Pavan Meena,917023415175,9806,444444,Facebook
Kajal,Kajal,Kajal,919131061763,9806,444444,Facebook
Aadil Vhora,Aadil Vhora,Aadil Vhora,917046317459,9806,444444,Facebook
Dhanshree _gaikar,Dhanshree _gaikar,Dhanshree _gaikar,918779164673,9806,444444,Facebook
Rajiv Kumar Gupta,Rajiv Kumar Gupta,Rajiv Kumar Gupta,919810225913,9806,444444,Facebook
Manish Jha,Manish Jha,Manish Jha,918698335366,9806,444444,Facebook
Arbaj Ali,Arbaj Ali,Arbaj Ali,919771083226,9806,444444,Facebook
Kuldeep Rajput Kuldeep Rajput,Kuldeep Rajput Kuldeep Rajput,Kuldeep Rajput Kuldeep Rajput,918650788563,9806,444444,Facebook
Rajesh Kumar,Rajesh Kumar,Rajesh Kumar,918081154391,9806,444444,Facebook
Ankurpatel,Ankurpatel,Ankurpatel,919925319549,9806,444444,Facebook
« ｍคħαⒹ𝒆Ѷ 𝐌Ẹ𝔱Ř𝐞 »,« ｍคħαⒹ𝒆Ѷ 𝐌Ẹ𝔱Ř𝐞 »,« ｍคħαⒹ𝒆Ѷ 𝐌Ẹ𝔱Ř𝐞 »,919900322093,9806,444444,Facebook
Anil_AdiVaSi:,Anil_AdiVaSi:,Anil_AdiVaSi:,916354192485,9806,444444,Facebook
Rvkhdhwr,Rvkhdhwr,Rvkhdhwr,918718020207,9806,444444,Facebook
mr_subhash_6161,mr_subhash_6161,mr_subhash_6161,917374084032,9806,444444,Facebook
Alkesh Damor,Alkesh Damor,Alkesh Damor,917984016934,9806,444444,Facebook
ketan zolपाटील,ketan zolपाटील,ketan zolपाटील,917972055202,9806,444444,Facebook
Vilash,Vilash,Vilash,917049458016,9806,444444,Facebook
Prahalad Valodara,Prahalad Valodara,Prahalad Valodara,919904815100,9806,444444,Facebook
Prashant bharti,Prashant bharti,Prashant bharti,919335749087,9806,444444,Facebook
रितेश बरडे,रितेश बरडे,रितेश बरडे,918160177978,9806,444444,Facebook
Gulabsinh Ajabsinh Parmar,Gulabsinh Ajabsinh Parmar,Gulabsinh Ajabsinh Parmar,919638906115,9806,444444,Facebook
_johar. ___boy_____,_johar. ___boy_____,_johar. ___boy_____,919166802541,9806,444444,Facebook
Ravikumar H R,Ravikumar H R,Ravikumar H R,919900578111,9806,444444,Facebook
_keyur_khuman,_keyur_khuman,_keyur_khuman,919366581743,9806,444444,Facebook
Kumarkhaniya Gelesh,Kumarkhaniya Gelesh,Kumarkhaniya Gelesh,919924278766,9806,444444,Facebook
Parmanand Meghwal,Parmanand Meghwal,Parmanand Meghwal,917742961372,9806,444444,Facebook
Nishant,Nishant,Nishant,919033115226,9806,444444,Facebook
Vishvendra Singh,Vishvendra Singh,Vishvendra Singh,918979183060,9806,444444,Facebook
khalidansari,khalidansari,khalidansari,919953671305,9806,444444,Facebook
Kaillash Solanki,Kaillash Solanki,Kaillash Solanki,919925109982,9806,444444,Facebook
Govardhan Kumar Bank 51,Govardhan Kumar Bank 51,Govardhan Kumar Bank 51,917033047839,9806,444444,Facebook
Ravi Shankar,Ravi Shankar,Ravi Shankar,918600061234,9806,444444,Facebook
__sayko__Shivaji   ___ KADALI,__sayko__Shivaji   ___ KADALI,__sayko__Shivaji ___ KADALI,919834053118,9806,444444,Facebook
Angad Singh,Angad Singh,Angad Singh,919022975908,9806,444444,Facebook
रामाधणी सदा सहायते,रामाधणी सदा सहायते,रामाधणी सदा सहायते,919016275853,9806,444444,Facebook
VAID HEARBS AYURVEDIC PRODUCTS,VAID HEARBS AYURVEDIC PRODUCTS,VAID HEARBS AYURVEDIC PRODUCTS,917043988900,9806,444444,Facebook
Amit gondliya,Amit gondliya,Amit gondliya,919429044624,9806,444444,Facebook
Rohit Malhotra,Rohit Malhotra,Rohit Malhotra,919103149585,9806,444444,Facebook
Bhuppi Singh,Bhuppi Singh,Bhuppi Singh,918411911280,9806,444444,Facebook
N,N,N,919845987040,9806,444444,Facebook
Sailesh Kumar Chudasama,Sailesh Kumar Chudasama,Sailesh Kumar Chudasama,919898819080,9806,444444,Facebook
Indar Singh Rajpurohit,Indar Singh Rajpurohit,Indar Singh Rajpurohit,919313797501,9806,444444,Facebook
Ankit Chaudhari,Ankit Chaudhari,Ankit Chaudhari,917572892842,9806,444444,Facebook
Kailash Ahirwar,Kailash Ahirwar,Kailash Ahirwar,917723885174,9806,444444,Facebook
kesuhil,kesuhil,kesuhil,919166206589,9806,444444,Facebook
mr_kartik_09,mr_kartik_09,mr_kartik_09,919373889311,9806,444444,Facebook
*ੈ✩‧₊˚༺ 𝓣𝓸𝓹𝓱𝓪𝓷 ༻*ੈ✩‧₊˚,*ੈ✩‧₊˚༺ 𝓣𝓸𝓹𝓱𝓪𝓷 ༻*ੈ✩‧₊˚,*ੈ✩‧₊˚༺ 𝓣𝓸𝓹𝓱𝓪𝓷 ༻*ੈ✩‧₊˚,918658959903,9806,444444,Facebook
Harish Mistry,Harish Mistry,Harish Mistry,919819778868,9806,444444,Facebook
Amjad Ghiaz,Amjad Ghiaz,Amjad Ghiaz,919677070905,9806,444444,Facebook
Bubby Rajpoot,Bubby Rajpoot,Bubby Rajpoot,919717120786,9806,444444,Facebook
ama Pharmacy,ama Pharmacy,ama Pharmacy,918737073086,9806,444444,Facebook
Jitesh Bajrang Kahar,Jitesh Bajrang Kahar,Jitesh Bajrang Kahar,918162857260,9806,444444,Facebook
Omkar Thombre,Omkar Thombre,Omkar Thombre,919821146809,9806,444444,Facebook
Ajay Thakar,Ajay Thakar,Ajay Thakar,919727064449,9806,444444,Facebook
Ibrahim,Ibrahim,Ibrahim,919324362935,9806,444444,Facebook
Bhavnesh Kumar Jain,Bhavnesh Kumar Jain,Bhavnesh Kumar Jain,919322242152,9806,444444,Facebook
Harish Gowda,Harish Gowda,Harish Gowda,19844240497,9806,444444,Facebook
Satyadeep Pothabathuni,Satyadeep Pothabathuni,Satyadeep Pothabathuni,918688005181,9806,444444,Facebook
Manmeet Surkhi,Manmeet Surkhi,Manmeet Surkhi,919289292999,9806,444444,Facebook
Dhanpat Suthar,Dhanpat Suthar,Dhanpat Suthar,917737758222,9806,444444,Facebook
Chalamalasetty Sandeep,Chalamalasetty Sandeep,Chalamalasetty Sandeep,919441582595,9806,444444,Facebook
Sitaram Garg,Sitaram Garg,Sitaram Garg,919424740271,9806,444444,Facebook
Abcd,Abcd,Abcd,918516568169,9806,444444,Facebook
Himansshu Sharrma,Himansshu Sharrma,Himansshu Sharrma,918010134030,9806,444444,Facebook
Sharma Narender,Sharma Narender,Sharma Narender,918605017348,9806,444444,Facebook
Vincent A Gonez,Vincent A Gonez,Vincent A Gonez,919881078813,9806,444444,Facebook
Aashish Bharadwaj,Aashish Bharadwaj,Aashish Bharadwaj,917011846746,9806,444444,Facebook
Tejas Kubal,Tejas Kubal,Tejas Kubal,919819155611,9806,444444,Facebook
G Pradeep,G Pradeep,G Pradeep,919740196603,9806,444444,Facebook
Jeet Babbar,Jeet Babbar,Jeet Babbar,919625782516,9806,444444,Facebook
Ajith A,Ajith A,Ajith A,919003479854,9806,444444,Facebook
Chandra Prakash,Chandra Prakash,Chandra Prakash,918882020007,9806,444444,Facebook
Susant Kumar Khadanga,Susant Kumar Khadanga,Susant Kumar Khadanga,919910013516,9806,444444,Facebook
Pawan Kumar Jain,Pawan Kumar Jain,Pawan Kumar Jain,917415596949,9806,444444,Facebook
Dheeraj Kumar Satija,Dheeraj Kumar Satija,Dheeraj Kumar Satija,919891122481,9806,444444,Facebook
Raman,Raman,Raman,919810123456,9806,444444,Facebook
Praveen A,Praveen A,Praveen A,918050737315,9806,444444,Facebook
Abdulbhai Mukhi,Abdulbhai Mukhi,Abdulbhai Mukhi,919428959943,9806,444444,Facebook
Dev Ahir,Dev Ahir,Dev Ahir,919809002334,9806,444444,Facebook
jigar Zakaria,jigar Zakaria,jigar Zakaria,919824882281,9806,444444,Facebook
sahil mohan,sahil mohan,sahil mohan,919625601574,9806,444444,Facebook
Shekhar Jagtap,Shekhar Jagtap,Shekhar Jagtap,917798600012,9806,444444,Facebook
Udit Vaid,Udit Vaid,Udit Vaid,918826274402,9806,444444,Facebook
Ketan Nisar,Ketan Nisar,Ketan Nisar,919740978638,9806,444444,Facebook
Rahul Dhumal,Rahul Dhumal,Rahul Dhumal,919762504995,9806,444444,Facebook
Ganesh Dalvi,Ganesh Dalvi,Ganesh Dalvi,918669019546,9806,444444,Facebook
Chinmay Dangre,Chinmay Dangre,Chinmay Dangre,919422536908,9806,444444,Facebook
